as_of,week,home,away,spread_line,home_moneyline,away_moneyline
2026-09-03,1,SEA,NE,3.5,-175.0,145.0
2026-09-03,1,LA,SF,3.5,-198.0,164.0
2026-09-03,1,CAR,CHI,-2.5,130.0,-155.0
2026-09-03,1,CIN,TB,3.5,-198.0,164.0
2026-09-03,1,DET,NO,7.0,-298.0,240.0
2026-09-03,1,HOU,BUF,-1.5,-102.0,-118.0
2026-09-03,1,IND,BAL,-3.5,145.0,-175.0
2026-09-03,1,JAX,CLE,7.5,-395.0,310.0
2026-09-03,1,PIT,ATL,3.5,-185.0,154.0
2026-09-03,1,TEN,NYJ,1.5,-130.0,110.0
2026-09-03,1,LAC,ARI,10.5,-550.0,410.0
2026-09-03,1,LV,MIA,3.5,-198.0,164.0
2026-09-03,1,MIN,GB,1.5,-118.0,-102.0
2026-09-03,1,PHI,WAS,5.5,-218.0,180.0
2026-09-03,1,NYG,DAL,-2.5,124.0,-148.0
2026-09-03,1,KC,DEN,3.0,-148.0,124.0
2026-09-03,2,BUF,DET,3.0,-162.0,136.0
2026-09-03,2,ATL,CAR,1.5,-125.0,105.0
2026-09-03,2,BAL,NO,7.5,-345.0,275.0
2026-09-03,2,CHI,MIN,3.5,-192.0,160.0
2026-09-03,2,HOU,CIN,2.5,-135.0,114.0
2026-09-03,2,NE,PIT,4.5,-218.0,180.0
2026-09-03,2,NYJ,GB,-5.5,200.0,-245.0
2026-09-03,2,TB,CLE,6.5,-285.0,230.0
2026-09-03,2,TEN,PHI,-4.5,180.0,-218.0
2026-09-03,2,DEN,JAX,3.0,-155.0,130.0
2026-09-03,2,LAC,LV,8.5,-360.0,285.0
2026-09-03,2,ARI,SEA,-10.0,400.0,-535.0
2026-09-03,2,DAL,WAS,4.5,-205.0,170.0
2026-09-03,2,SF,MIA,10.5,-675.0,490.0
2026-09-03,2,KC,IND,6.5,-325.0,260.0
2026-09-03,2,LA,NYG,8.5,-380.0,300.0
2026-09-03,3,GB,ATL,7.5,-375.0,295.0
2026-09-03,3,BUF,LAC,3.0,-162.0,136.0
2026-09-03,3,CLE,CAR,-1.5,105.0,-125.0
2026-09-03,3,DET,NYJ,9.5,-425.0,330.0
2026-09-03,3,IND,HOU,-1.5,105.0,-125.0
2026-09-03,3,JAX,NE,1.5,-118.0,-102.0
2026-09-03,3,MIA,KC,-7.5,340.0,-440.0
2026-09-03,3,NYG,TEN,3.0,-166.0,140.0
2026-09-03,3,PIT,CIN,-1.5,105.0,-125.0
2026-09-03,3,WAS,SEA,-3.5,154.0,-185.0
2026-09-03,3,SF,ARI,11.5,-675.0,490.0
2026-09-03,3,TB,MIN,1.5,-125.0,105.0
2026-09-03,3,DAL,BAL,-2.5,114.0,-135.0
2026-09-03,3,NO,LV,3.5,-192.0,160.0
2026-09-03,3,DEN,LA,-3.0,130.0,-155.0
2026-09-03,3,CHI,PHI,1.5,-118.0,-102.0
2026-09-03,4,CLE,PIT,-2.5,114.0,-135.0
2026-09-03,4,WAS,IND,1.5,-118.0,-102.0
2026-09-03,4,BAL,TEN,8.5,-395.0,310.0
2026-09-03,4,BUF,NE,3.0,-166.0,140.0
2026-09-03,4,CHI,NYJ,8.5,-425.0,330.0
2026-09-03,4,CIN,JAX,2.5,-135.0,114.0
2026-09-03,4,HOU,DAL,2.5,-135.0,114.0
2026-09-03,4,NYG,ARI,7.0,-325.0,260.0
2026-09-03,4,PHI,LA,-1.5,105.0,-125.0
2026-09-03,4,TB,GB,-1.5,105.0,-125.0
2026-09-03,4,MIN,MIA,7.5,-410.0,320.0
2026-09-03,4,LV,KC,-5.5,205.0,-250.0
2026-09-03,4,SEA,LAC,3.0,-175.0,145.0
2026-09-03,4,SF,DEN,2.5,-142.0,120.0
2026-09-03,4,CAR,DET,-3.0,136.0,-162.0
2026-09-03,4,NO,ATL,2.5,-135.0,114.0
2026-09-03,5,DAL,TB,3.5,-205.0,170.0
2026-09-03,5,JAX,PHI,-1.5,105.0,-125.0
2026-09-03,5,MIA,CIN,-6.0,225.0,-278.0
2026-09-03,5,NE,LV,8.5,-395.0,310.0
2026-09-03,5,NO,MIN,-1.5,105.0,-125.0
2026-09-03,5,NYJ,CLE,1.5,-130.0,110.0
2026-09-03,5,PIT,IND,2.5,-135.0,114.0
2026-09-03,5,TEN,HOU,-3.5,154.0,-185.0
2026-09-03,5,WAS,NYG,1.5,-130.0,110.0
2026-09-03,5,LAC,DEN,2.5,-135.0,114.0
2026-09-03,5,ARI,DET,-8.5,300.0,-380.0
2026-09-03,5,GB,CHI,3.0,-166.0,140.0
2026-09-03,5,SEA,SF,3.5,-205.0,170.0
2026-09-03,5,ATL,BAL,-4.5,170.0,-205.0
2026-09-03,5,LA,BUF,3.0,-166.0,140.0
2026-09-03,6,DEN,SEA,-2.5,110.0,-130.0
2026-09-03,6,JAX,HOU,1.5,-112.0,-108.0
2026-09-03,6,ATL,CHI,-3.0,130.0,-155.0
2026-09-03,6,CLE,BAL,-6.5,205.0,-250.0
2026-09-03,6,IND,TEN,3.5,-192.0,160.0
2026-09-03,6,NE,NYJ,9.5,-455.0,350.0
2026-09-03,6,NYG,NO,2.5,-142.0,120.0
2026-09-03,6,PHI,CAR,6.5,-278.0,225.0
2026-09-03,6,TB,PIT,1.5,-125.0,105.0
2026-09-03,6,LA,ARI,13.5,-800.0,550.0
2026-09-03,6,KC,LAC,2.5,-142.0,120.0
2026-09-03,6,LV,BUF,-6.5,215.0,-265.0
2026-09-03,6,GB,DAL,3.0,-166.0,140.0
2026-09-03,6,SF,WAS,5.5,-250.0,205.0
2026-09-03,7,CHI,NE,1.5,-125.0,105.0
2026-09-03,7,NO,PIT,-2.5,120.0,-142.0
2026-09-03,7,ATL,SF,-4.5,180.0,-218.0
2026-09-03,7,BAL,CIN,3.5,-185.0,154.0
2026-09-03,7,CAR,TB,-1.5,105.0,-125.0
2026-09-03,7,HOU,NYG,5.5,-238.0,195.0
2026-09-03,7,MIN,IND,2.5,-142.0,120.0
2026-09-03,9,ATL,CIN,-4.5,180.0,-215.0
2026-09-03,10,DET,NE,-1.5,100.0,-118.0
2026-09-03,11,SF,MIN,4.5,-210.0,176.0
2026-09-03,12,LA,GB,5.5,-240.0,198.0
2026-09-03,12,DET,CHI,2.5,-130.0,110.0
2026-09-03,12,DAL,PHI,1.5,-126.0,108.0
2026-09-03,12,BUF,KC,2.5,-154.0,130.0
2026-09-03,12,PIT,DEN,-1.5,112.0,-132.0
2026-09-03,16,PHI,HOU,2.5,-132.0,112.0
2026-09-03,16,CHI,GB,1.5,-118.0,100.0
2026-09-03,16,DEN,BUF,-1.5,112.0,-132.0
2026-09-03,16,SEA,LA,-1.5,100.0,-118.0
2026-09-04,1,SEA,NE,3.5,-185.0,154.0
2026-09-04,1,LA,SF,3.5,-205.0,170.0
2026-09-04,1,CAR,CHI,-2.5,124.0,-148.0
2026-09-04,1,CIN,TB,3.5,-205.0,170.0
2026-09-04,1,DET,NO,7.0,-305.0,245.0
2026-09-04,1,HOU,BUF,-1.5,-102.0,-118.0
2026-09-04,1,IND,BAL,-3.5,145.0,-175.0
2026-09-04,1,JAX,CLE,7.5,-395.0,310.0
2026-09-04,1,PIT,ATL,3.5,-185.0,154.0
2026-09-04,1,TEN,NYJ,1.5,-130.0,110.0
2026-09-04,1,LAC,ARI,10.5,-625.0,455.0
2026-09-04,1,LV,MIA,3.5,-198.0,164.0
2026-09-04,1,MIN,GB,1.5,-118.0,-102.0
2026-09-04,1,PHI,WAS,5.5,-218.0,180.0
2026-09-04,1,NYG,DAL,-2.5,124.0,-148.0
2026-09-04,1,KC,DEN,3.0,-148.0,124.0
2026-09-04,2,BUF,DET,3.0,-162.0,136.0
2026-09-04,2,ATL,CAR,1.5,-125.0,105.0
2026-09-04,2,BAL,NO,7.5,-345.0,275.0
2026-09-04,2,CHI,MIN,3.5,-192.0,160.0
2026-09-04,2,HOU,CIN,2.5,-135.0,114.0
2026-09-04,2,NE,PIT,4.5,-218.0,180.0
2026-09-04,2,NYJ,GB,-5.5,205.0,-250.0
2026-09-04,2,TB,CLE,6.5,-285.0,230.0
2026-09-04,2,TEN,PHI,-4.5,180.0,-218.0
2026-09-04,2,DEN,JAX,3.0,-155.0,130.0
2026-09-04,2,LAC,LV,8.5,-360.0,285.0
2026-09-04,2,ARI,SEA,-10.0,400.0,-535.0
2026-09-04,2,DAL,WAS,4.5,-205.0,170.0
2026-09-04,2,SF,MIA,10.5,-675.0,490.0
2026-09-04,2,KC,IND,6.5,-340.0,270.0
2026-09-04,2,LA,NYG,8.5,-380.0,300.0
2026-09-04,3,GB,ATL,7.5,-375.0,295.0
2026-09-04,3,BUF,LAC,3.0,-162.0,136.0
2026-09-04,3,CLE,CAR,-1.5,102.0,-122.0
2026-09-04,3,DET,NYJ,9.5,-425.0,330.0
2026-09-04,3,IND,HOU,-1.5,105.0,-125.0
2026-09-04,3,JAX,NE,1.5,-118.0,-102.0
2026-09-04,3,MIA,KC,-7.5,340.0,-440.0
2026-09-04,3,NYG,TEN,3.0,-166.0,140.0
2026-09-04,3,PIT,CIN,-1.5,105.0,-125.0
2026-09-04,3,WAS,SEA,-3.5,154.0,-185.0
2026-09-04,3,SF,ARI,11.5,-675.0,490.0
2026-09-04,3,TB,MIN,1.5,-125.0,105.0
2026-09-04,3,DAL,BAL,-2.5,114.0,-135.0
2026-09-04,3,NO,LV,3.5,-192.0,160.0
2026-09-04,3,DEN,LA,-3.0,130.0,-155.0
2026-09-04,3,CHI,PHI,1.5,-118.0,-102.0
2026-09-04,4,CLE,PIT,-2.5,114.0,-135.0
2026-09-04,4,WAS,IND,1.5,-118.0,-102.0
2026-09-04,4,BAL,TEN,8.5,-395.0,310.0
2026-09-04,4,BUF,NE,3.0,-166.0,140.0
2026-09-04,4,CHI,NYJ,8.5,-410.0,320.0
2026-09-04,4,CIN,JAX,2.5,-135.0,114.0
2026-09-04,4,HOU,DAL,2.5,-135.0,114.0
2026-09-04,4,NYG,ARI,7.0,-325.0,260.0
2026-09-04,4,PHI,LA,-1.5,105.0,-125.0
2026-09-04,4,TB,GB,-1.5,105.0,-125.0
2026-09-04,4,MIN,MIA,7.5,-410.0,320.0
2026-09-04,4,LV,KC,-5.5,205.0,-250.0
2026-09-04,4,SEA,LAC,3.0,-175.0,145.0
2026-09-04,4,SF,DEN,2.5,-142.0,120.0
2026-09-04,4,CAR,DET,-3.0,136.0,-162.0
2026-09-04,4,NO,ATL,2.5,-135.0,114.0
2026-09-04,5,DAL,TB,3.5,-205.0,170.0
2026-09-04,5,JAX,PHI,-1.5,105.0,-125.0
2026-09-04,5,MIA,CIN,-6.0,225.0,-278.0
2026-09-04,5,NE,LV,8.5,-395.0,310.0
2026-09-04,5,NO,MIN,-1.5,105.0,-125.0
2026-09-04,5,NYJ,CLE,1.5,-130.0,110.0
2026-09-04,5,PIT,IND,2.5,-142.0,120.0
2026-09-04,5,TEN,HOU,-3.5,154.0,-185.0
2026-09-04,5,WAS,NYG,1.5,-130.0,110.0
2026-09-04,5,LAC,DEN,2.5,-142.0,120.0
2026-09-04,5,ARI,DET,-8.5,300.0,-380.0
2026-09-04,5,GB,CHI,3.0,-166.0,140.0
2026-09-04,5,SEA,SF,3.5,-205.0,170.0
2026-09-04,5,ATL,BAL,-4.5,170.0,-205.0
2026-09-04,5,LA,BUF,3.0,-166.0,140.0
2026-09-04,6,DEN,SEA,-2.5,110.0,-130.0
2026-09-04,6,JAX,HOU,1.5,-112.0,-108.0
2026-09-04,6,ATL,CHI,-3.0,130.0,-155.0
2026-09-04,6,CLE,BAL,-6.5,205.0,-250.0
2026-09-04,6,IND,TEN,3.5,-192.0,160.0
2026-09-04,6,NE,NYJ,9.5,-440.0,340.0
2026-09-04,6,NYG,NO,2.5,-135.0,114.0
2026-09-04,6,PHI,CAR,6.5,-278.0,225.0
2026-09-04,6,TB,PIT,1.5,-125.0,105.0
2026-09-04,6,LA,ARI,13.5,-800.0,550.0
2026-09-04,6,KC,LAC,2.5,-142.0,120.0
2026-09-04,6,LV,BUF,-6.5,215.0,-265.0
2026-09-04,6,GB,DAL,3.0,-166.0,140.0
2026-09-04,6,SF,WAS,5.5,-250.0,205.0
2026-09-04,7,CHI,NE,1.5,-122.0,102.0
2026-09-04,7,NO,PIT,-2.5,120.0,-142.0
2026-09-04,7,ATL,SF,-4.5,180.0,-218.0
2026-09-04,7,BAL,CIN,3.5,-185.0,154.0
2026-09-04,7,CAR,TB,-1.5,105.0,-125.0
2026-09-04,7,HOU,NYG,5.5,-245.0,200.0
2026-09-04,7,MIN,IND,2.5,-142.0,120.0
2026-09-04,9,ATL,CIN,-4.5,180.0,-215.0
2026-09-04,10,DET,NE,-1.5,100.0,-118.0
2026-09-04,11,SF,MIN,4.5,-210.0,176.0
2026-09-04,12,LA,GB,5.5,-240.0,198.0
2026-09-04,12,DET,CHI,2.5,-130.0,110.0
2026-09-04,12,DAL,PHI,1.5,-126.0,108.0
2026-09-04,12,BUF,KC,2.5,-154.0,130.0
2026-09-04,12,PIT,DEN,-1.5,112.0,-132.0
2026-09-04,16,PHI,HOU,2.5,-132.0,112.0
2026-09-04,16,CHI,GB,1.5,-118.0,100.0
2026-09-04,16,DEN,BUF,-1.5,112.0,-132.0
2026-09-04,16,SEA,LA,-1.5,100.0,-118.0
2026-09-05,1,SEA,NE,3.5,-180.0,150.0
2026-09-05,1,LA,SF,3.5,-192.0,160.0
2026-09-05,1,CAR,CHI,-2.5,124.0,-148.0
2026-09-05,1,CIN,TB,3.5,-205.0,170.0
2026-09-05,1,DET,NO,7.0,-310.0,250.0
2026-09-05,1,HOU,BUF,-1.5,-102.0,-118.0
2026-09-05,1,IND,BAL,-3.5,145.0,-175.0
2026-09-05,1,JAX,CLE,7.5,-410.0,320.0
2026-09-05,1,PIT,ATL,3.5,-185.0,154.0
2026-09-05,1,TEN,NYJ,1.5,-130.0,110.0
2026-09-05,1,LAC,ARI,10.5,-575.0,425.0
2026-09-05,1,LV,MIA,3.5,-198.0,164.0
2026-09-05,1,MIN,GB,1.5,-122.0,102.0
2026-09-05,1,PHI,WAS,5.5,-218.0,180.0
2026-09-05,1,NYG,DAL,-2.5,124.0,-148.0
2026-09-05,1,KC,DEN,3.0,-148.0,124.0
2026-09-05,2,BUF,DET,3.0,-162.0,136.0
2026-09-05,2,ATL,CAR,1.5,-125.0,105.0
2026-09-05,2,BAL,NO,7.5,-345.0,275.0
2026-09-05,2,CHI,MIN,3.5,-192.0,160.0
2026-09-05,2,HOU,CIN,2.5,-135.0,114.0
2026-09-05,2,NE,PIT,4.5,-218.0,180.0
2026-09-05,2,NYJ,GB,-5.5,205.0,-250.0
2026-09-05,2,TB,CLE,6.5,-285.0,230.0
2026-09-05,2,TEN,PHI,-4.5,180.0,-218.0
2026-09-05,2,DEN,JAX,3.0,-155.0,130.0
2026-09-05,2,LAC,LV,8.5,-360.0,285.0
2026-09-05,2,ARI,SEA,-10.0,400.0,-535.0
2026-09-05,2,DAL,WAS,4.5,-205.0,170.0
2026-09-05,2,SF,MIA,10.5,-675.0,490.0
2026-09-05,2,KC,IND,6.5,-325.0,260.0
2026-09-05,2,LA,NYG,8.5,-380.0,300.0
2026-09-05,3,GB,ATL,7.5,-375.0,295.0
2026-09-05,3,BUF,LAC,3.0,-162.0,136.0
2026-09-05,3,CLE,CAR,-1.5,102.0,-122.0
2026-09-05,3,DET,NYJ,9.5,-425.0,330.0
2026-09-05,3,IND,HOU,-1.5,105.0,-125.0
2026-09-05,3,JAX,NE,1.5,-118.0,-102.0
2026-09-05,3,MIA,KC,-7.5,340.0,-440.0
2026-09-05,3,NYG,TEN,3.0,-166.0,140.0
2026-09-05,3,PIT,CIN,-1.5,105.0,-125.0
2026-09-05,3,WAS,SEA,-3.5,154.0,-185.0
2026-09-05,3,SF,ARI,11.5,-675.0,490.0
2026-09-05,3,TB,MIN,1.5,-125.0,105.0
2026-09-05,3,DAL,BAL,-2.5,114.0,-135.0
2026-09-05,3,NO,LV,3.5,-192.0,160.0
2026-09-05,3,DEN,LA,-3.0,130.0,-155.0
2026-09-05,3,CHI,PHI,1.5,-118.0,-102.0
2026-09-05,4,CLE,PIT,-2.5,114.0,-135.0
2026-09-05,4,WAS,IND,1.5,-118.0,-102.0
2026-09-05,4,BAL,TEN,8.5,-395.0,310.0
2026-09-05,4,BUF,NE,3.0,-166.0,140.0
2026-09-05,4,CHI,NYJ,8.5,-410.0,320.0
2026-09-05,4,CIN,JAX,2.5,-135.0,114.0
2026-09-05,4,HOU,DAL,2.5,-135.0,114.0
2026-09-05,4,NYG,ARI,7.0,-325.0,260.0
2026-09-05,4,PHI,LA,-1.5,105.0,-125.0
2026-09-05,4,TB,GB,-1.5,105.0,-125.0
2026-09-05,4,MIN,MIA,7.5,-410.0,320.0
2026-09-05,4,LV,KC,-5.5,205.0,-250.0
2026-09-05,4,SEA,LAC,3.0,-175.0,145.0
2026-09-05,4,SF,DEN,2.5,-142.0,120.0
2026-09-05,4,CAR,DET,-3.0,136.0,-162.0
2026-09-05,4,NO,ATL,2.5,-135.0,114.0
2026-09-05,5,DAL,TB,3.5,-205.0,170.0
2026-09-05,5,JAX,PHI,-1.5,105.0,-125.0
2026-09-05,5,MIA,CIN,-6.0,225.0,-278.0
2026-09-05,5,NE,LV,8.5,-395.0,310.0
2026-09-05,5,NO,MIN,-1.5,105.0,-125.0
2026-09-05,5,NYJ,CLE,1.5,-130.0,110.0
2026-09-05,5,PIT,IND,2.5,-142.0,120.0
2026-09-05,5,TEN,HOU,-3.5,154.0,-185.0
2026-09-05,5,WAS,NYG,1.5,-130.0,110.0
2026-09-05,5,LAC,DEN,2.5,-142.0,120.0
2026-09-05,5,ARI,DET,-8.5,300.0,-380.0
2026-09-05,5,GB,CHI,3.0,-166.0,140.0
2026-09-05,5,SEA,SF,3.5,-205.0,170.0
2026-09-05,5,ATL,BAL,-4.5,170.0,-205.0
2026-09-05,5,LA,BUF,3.0,-166.0,140.0
2026-09-05,6,DEN,SEA,-2.5,110.0,-130.0
2026-09-05,6,JAX,HOU,1.5,-112.0,-108.0
2026-09-05,6,ATL,CHI,-3.0,130.0,-155.0
2026-09-05,6,CLE,BAL,-6.5,205.0,-250.0
2026-09-05,6,IND,TEN,3.5,-192.0,160.0
2026-09-05,6,NE,NYJ,9.5,-440.0,340.0
2026-09-05,6,NYG,NO,2.5,-135.0,114.0
2026-09-05,6,PHI,CAR,6.5,-278.0,225.0
2026-09-05,6,TB,PIT,1.5,-125.0,105.0
2026-09-05,6,LA,ARI,13.5,-800.0,550.0
2026-09-05,6,KC,LAC,2.5,-142.0,120.0
2026-09-05,6,LV,BUF,-6.5,215.0,-265.0
2026-09-05,6,GB,DAL,3.0,-166.0,140.0
2026-09-05,6,SF,WAS,5.5,-250.0,205.0
2026-09-05,7,CHI,NE,1.5,-122.0,102.0
2026-09-05,7,NO,PIT,-2.5,120.0,-142.0
2026-09-05,7,ATL,SF,-4.5,180.0,-218.0
2026-09-05,7,BAL,CIN,3.5,-185.0,154.0
2026-09-05,7,CAR,TB,-1.5,105.0,-125.0
2026-09-05,7,HOU,NYG,5.5,-245.0,200.0
2026-09-05,7,MIN,IND,2.5,-142.0,120.0
2026-09-05,9,ATL,CIN,-4.5,180.0,-215.0
2026-09-05,10,DET,NE,-1.5,100.0,-118.0
2026-09-05,11,SF,MIN,4.5,-210.0,176.0
2026-09-05,12,LA,GB,5.5,-240.0,198.0
2026-09-05,12,DET,CHI,2.5,-130.0,110.0
2026-09-05,12,DAL,PHI,1.5,-126.0,108.0
2026-09-05,12,BUF,KC,2.5,-154.0,130.0
2026-09-05,12,PIT,DEN,-1.5,112.0,-132.0
2026-09-05,16,PHI,HOU,2.5,-132.0,112.0
2026-09-05,16,CHI,GB,1.5,-118.0,100.0
2026-09-05,16,DEN,BUF,-1.5,112.0,-132.0
2026-09-05,16,SEA,LA,-1.5,100.0,-118.0
2026-09-06,1,SEA,NE,3.5,-180.0,150.0
2026-09-06,1,LA,SF,3.5,-192.0,160.0
2026-09-06,1,CAR,CHI,-2.5,130.0,-155.0
2026-09-06,1,CIN,TB,3.5,-205.0,170.0
2026-09-06,1,DET,NO,7.0,-310.0,250.0
2026-09-06,1,HOU,BUF,-1.5,-102.0,-118.0
2026-09-06,1,IND,BAL,-3.5,150.0,-180.0
2026-09-06,1,JAX,CLE,7.5,-410.0,320.0
2026-09-06,1,PIT,ATL,3.5,-185.0,154.0
2026-09-06,1,TEN,NYJ,1.5,-135.0,114.0
2026-09-06,1,LAC,ARI,10.5,-600.0,440.0
2026-09-06,1,LV,MIA,3.5,-192.0,160.0
2026-09-06,1,MIN,GB,1.5,-122.0,102.0
2026-09-06,1,PHI,WAS,5.5,-218.0,180.0
2026-09-06,1,NYG,DAL,-2.5,124.0,-148.0
2026-09-06,1,KC,DEN,3.0,-142.0,120.0
2026-09-06,2,BUF,DET,3.0,-162.0,136.0
2026-09-06,2,ATL,CAR,1.5,-125.0,105.0
2026-09-06,2,BAL,NO,7.5,-345.0,275.0
2026-09-06,2,CHI,MIN,3.5,-198.0,164.0
2026-09-06,2,HOU,CIN,2.5,-135.0,114.0
2026-09-06,2,NE,PIT,4.5,-218.0,180.0
2026-09-06,2,NYJ,GB,-5.5,205.0,-250.0
2026-09-06,2,TB,CLE,6.5,-285.0,230.0
2026-09-06,2,TEN,PHI,-4.5,180.0,-218.0
2026-09-06,2,DEN,JAX,3.0,-155.0,130.0
2026-09-06,2,LAC,LV,8.5,-360.0,285.0
2026-09-06,2,ARI,SEA,-10.0,400.0,-535.0
2026-09-06,2,DAL,WAS,4.5,-205.0,170.0
2026-09-06,2,SF,MIA,10.5,-675.0,490.0
2026-09-06,2,KC,IND,6.5,-340.0,270.0
2026-09-06,2,LA,NYG,8.5,-380.0,300.0
2026-09-06,3,GB,ATL,7.5,-375.0,295.0
2026-09-06,3,BUF,LAC,3.0,-162.0,136.0
2026-09-06,3,CLE,CAR,-1.5,102.0,-122.0
2026-09-06,3,DET,NYJ,9.5,-425.0,330.0
2026-09-06,3,IND,HOU,-1.5,105.0,-125.0
2026-09-06,3,JAX,NE,1.5,-118.0,-102.0
2026-09-06,3,MIA,KC,-7.5,340.0,-440.0
2026-09-06,3,NYG,TEN,3.0,-166.0,140.0
2026-09-06,3,PIT,CIN,-1.5,105.0,-125.0
2026-09-06,3,WAS,SEA,-3.5,154.0,-185.0
2026-09-06,3,SF,ARI,11.5,-675.0,490.0
2026-09-06,3,TB,MIN,1.5,-125.0,105.0
2026-09-06,3,DAL,BAL,-2.5,114.0,-135.0
2026-09-06,3,NO,LV,3.5,-192.0,160.0
2026-09-06,3,DEN,LA,-3.0,130.0,-155.0
2026-09-06,3,CHI,PHI,1.5,-118.0,-102.0
2026-09-06,4,CLE,PIT,-2.5,114.0,-135.0
2026-09-06,4,WAS,IND,1.5,-118.0,-102.0
2026-09-06,4,BAL,TEN,8.5,-395.0,310.0
2026-09-06,4,BUF,NE,3.0,-166.0,140.0
2026-09-06,4,CHI,NYJ,8.5,-440.0,340.0
2026-09-06,4,CIN,JAX,2.5,-135.0,114.0
2026-09-06,4,HOU,DAL,2.5,-135.0,114.0
2026-09-06,4,NYG,ARI,7.0,-340.0,270.0
2026-09-06,4,PHI,LA,-1.5,105.0,-125.0
2026-09-06,4,TB,GB,-1.5,105.0,-125.0
2026-09-06,4,MIN,MIA,7.5,-410.0,320.0
2026-09-06,4,LV,KC,-5.5,205.0,-250.0
2026-09-06,4,SEA,LAC,3.0,-175.0,145.0
2026-09-06,4,SF,DEN,2.5,-142.0,120.0
2026-09-06,4,CAR,DET,-3.0,136.0,-162.0
2026-09-06,4,NO,ATL,2.5,-135.0,114.0
2026-09-06,5,DAL,TB,3.5,-205.0,170.0
2026-09-06,5,JAX,PHI,-1.5,105.0,-125.0
2026-09-06,5,MIA,CIN,-6.0,225.0,-278.0
2026-09-06,5,NE,LV,8.5,-395.0,310.0
2026-09-06,5,NO,MIN,-1.5,105.0,-125.0
2026-09-06,5,NYJ,CLE,1.5,-130.0,110.0
2026-09-06,5,PIT,IND,2.5,-142.0,120.0
2026-09-06,5,TEN,HOU,-3.5,154.0,-185.0
2026-09-06,5,WAS,NYG,2.5,-130.0,110.0
2026-09-06,5,LAC,DEN,2.5,-142.0,120.0
2026-09-06,5,ARI,DET,-8.5,300.0,-380.0
2026-09-06,5,GB,CHI,3.0,-166.0,140.0
2026-09-06,5,SEA,SF,3.5,-205.0,170.0
2026-09-06,5,ATL,BAL,-4.5,170.0,-205.0
2026-09-06,5,LA,BUF,3.0,-166.0,140.0
2026-09-06,6,DEN,SEA,-2.5,110.0,-130.0
2026-09-06,6,JAX,HOU,1.5,-112.0,-108.0
2026-09-06,6,ATL,CHI,-3.0,130.0,-155.0
2026-09-06,6,CLE,BAL,-6.5,205.0,-250.0
2026-09-06,6,IND,TEN,3.5,-192.0,160.0
2026-09-06,6,NE,NYJ,9.5,-440.0,340.0
2026-09-06,6,NYG,NO,2.5,-142.0,120.0
2026-09-06,6,PHI,CAR,6.5,-278.0,225.0
2026-09-06,6,TB,PIT,1.5,-125.0,105.0
2026-09-06,6,LA,ARI,13.5,-800.0,550.0
2026-09-06,6,KC,LAC,2.5,-142.0,120.0
2026-09-06,6,LV,BUF,-6.5,215.0,-265.0
2026-09-06,6,GB,DAL,3.0,-166.0,140.0
2026-09-06,6,SF,WAS,5.5,-250.0,205.0
2026-09-06,7,CHI,NE,1.5,-122.0,102.0
2026-09-06,7,NO,PIT,-2.5,120.0,-142.0
2026-09-06,7,ATL,SF,-4.5,180.0,-218.0
2026-09-06,7,BAL,CIN,3.5,-185.0,154.0
2026-09-06,7,CAR,TB,-1.5,105.0,-125.0
2026-09-06,7,HOU,NYG,5.5,-245.0,200.0
2026-09-06,7,MIN,IND,2.5,-142.0,120.0
2026-09-06,9,ATL,CIN,-4.5,180.0,-215.0
2026-09-06,10,DET,NE,-1.5,100.0,-118.0
2026-09-06,11,SF,MIN,4.5,-210.0,176.0
2026-09-06,12,LA,GB,5.5,-240.0,198.0
2026-09-06,12,DET,CHI,2.5,-130.0,110.0
2026-09-06,12,DAL,PHI,1.5,-126.0,108.0
2026-09-06,12,BUF,KC,2.5,-154.0,130.0
2026-09-06,12,PIT,DEN,-1.5,112.0,-132.0
2026-09-06,16,PHI,HOU,2.5,-132.0,112.0
2026-09-06,16,CHI,GB,1.5,-118.0,100.0
2026-09-06,16,DEN,BUF,-1.5,112.0,-132.0
2026-09-06,16,SEA,LA,-1.5,100.0,-118.0
2026-09-07,1,SEA,NE,3.5,-180.0,150.0
2026-09-07,1,LA,SF,3.5,-185.0,154.0
2026-09-07,1,CAR,CHI,-3.0,124.0,-148.0
2026-09-07,1,CIN,TB,3.5,-205.0,170.0
2026-09-07,1,DET,NO,7.0,-290.0,235.0
2026-09-07,1,HOU,BUF,1.5,-110.0,-110.0
2026-09-07,1,IND,BAL,-3.5,145.0,-175.0
2026-09-07,1,JAX,CLE,8.5,-440.0,340.0
2026-09-07,1,PIT,ATL,3.5,-180.0,150.0
2026-09-07,1,TEN,NYJ,1.5,-125.0,105.0
2026-09-07,1,LAC,ARI,10.0,-500.0,380.0
2026-09-07,1,LV,MIA,3.5,-185.0,154.0
2026-09-07,1,MIN,GB,1.5,-122.0,102.0
2026-09-07,1,PHI,WAS,4.5,-205.0,170.0
2026-09-07,1,NYG,DAL,-3.0,136.0,-162.0
2026-09-07,1,KC,DEN,3.0,-148.0,124.0
2026-09-07,2,BUF,DET,3.0,-155.0,130.0
2026-09-07,2,ATL,CAR,1.5,-125.0,105.0
2026-09-07,2,BAL,NO,7.5,-360.0,285.0
2026-09-07,2,CHI,MIN,3.5,-192.0,160.0
2026-09-07,2,HOU,CIN,2.5,-135.0,114.0
2026-09-07,2,NE,PIT,4.5,-218.0,180.0
2026-09-07,2,NYJ,GB,-5.5,200.0,-245.0
2026-09-07,2,TB,CLE,6.5,-278.0,225.0
2026-09-07,2,TEN,PHI,-4.5,180.0,-218.0
2026-09-07,2,DEN,JAX,3.0,-155.0,130.0
2026-09-07,2,LAC,LV,8.5,-360.0,285.0
2026-09-07,2,ARI,SEA,-10.0,400.0,-535.0
2026-09-07,2,DAL,WAS,4.5,-205.0,170.0
2026-09-07,2,SF,MIA,10.5,-675.0,490.0
2026-09-07,2,KC,IND,6.5,-325.0,260.0
2026-09-07,2,LA,NYG,8.5,-395.0,310.0
2026-09-07,3,GB,ATL,7.5,-380.0,300.0
2026-09-07,3,BUF,LAC,3.0,-162.0,136.0
2026-09-07,3,CLE,CAR,-1.5,102.0,-122.0
2026-09-07,3,DET,NYJ,9.5,-410.0,320.0
2026-09-07,3,IND,HOU,-1.5,102.0,-122.0
2026-09-07,3,JAX,NE,1.5,-118.0,-102.0
2026-09-07,3,MIA,KC,-7.5,340.0,-440.0
2026-09-07,3,NYG,TEN,3.0,-166.0,140.0
2026-09-07,3,PIT,CIN,-1.5,105.0,-125.0
2026-09-07,3,WAS,SEA,-3.5,154.0,-185.0
2026-09-07,3,SF,ARI,11.5,-650.0,470.0
2026-09-07,3,TB,MIN,1.5,-125.0,105.0
2026-09-07,3,DAL,BAL,-2.5,114.0,-135.0
2026-09-07,3,NO,LV,3.5,-192.0,160.0
2026-09-07,3,DEN,LA,-3.0,130.0,-155.0
2026-09-07,3,CHI,PHI,1.5,-118.0,-102.0
2026-09-07,4,CLE,PIT,-2.5,114.0,-135.0
2026-09-07,4,WAS,IND,1.5,-118.0,-102.0
2026-09-07,4,BAL,TEN,8.5,-395.0,310.0
2026-09-07,4,BUF,NE,3.0,-166.0,140.0
2026-09-07,4,CHI,NYJ,8.5,-425.0,330.0
2026-09-07,4,CIN,JAX,2.5,-135.0,114.0
2026-09-07,4,HOU,DAL,2.5,-135.0,114.0
2026-09-07,4,NYG,ARI,7.0,-325.0,260.0
2026-09-07,4,PHI,LA,-1.5,105.0,-125.0
2026-09-07,4,TB,GB,-1.5,105.0,-125.0
2026-09-07,4,MIN,MIA,7.5,-410.0,320.0
2026-09-07,4,LV,KC,-5.5,205.0,-250.0
2026-09-07,4,SEA,LAC,3.0,-175.0,145.0
2026-09-07,4,SF,DEN,2.5,-135.0,114.0
2026-09-07,4,CAR,DET,-3.0,136.0,-162.0
2026-09-07,4,NO,ATL,2.5,-135.0,114.0
2026-09-07,5,DAL,TB,3.5,-205.0,170.0
2026-09-07,5,JAX,PHI,-1.5,105.0,-125.0
2026-09-07,5,MIA,CIN,-6.0,225.0,-278.0
2026-09-07,5,NE,LV,8.5,-395.0,310.0
2026-09-07,5,NO,MIN,-1.5,105.0,-125.0
2026-09-07,5,NYJ,CLE,1.5,-130.0,110.0
2026-09-07,5,PIT,IND,2.5,-142.0,120.0
2026-09-07,5,TEN,HOU,-3.5,154.0,-185.0
2026-09-07,5,WAS,NYG,1.5,-130.0,110.0
2026-09-07,5,LAC,DEN,2.5,-142.0,120.0
2026-09-07,5,ARI,DET,-8.5,300.0,-380.0
2026-09-07,5,GB,CHI,3.0,-166.0,140.0
2026-09-07,5,SEA,SF,3.5,-205.0,170.0
2026-09-07,5,ATL,BAL,-4.5,170.0,-205.0
2026-09-07,5,LA,BUF,3.0,-166.0,140.0
2026-09-07,6,DEN,SEA,-1.5,110.0,-130.0
2026-09-07,6,JAX,HOU,1.5,-112.0,-108.0
2026-09-07,6,ATL,CHI,-3.0,136.0,-162.0
2026-09-07,6,CLE,BAL,-6.5,205.0,-250.0
2026-09-07,6,IND,TEN,3.5,-198.0,164.0
2026-09-07,6,NE,NYJ,9.5,-440.0,340.0
2026-09-07,6,NYG,NO,2.5,-135.0,114.0
2026-09-07,6,PHI,CAR,6.5,-278.0,225.0
2026-09-07,6,TB,PIT,1.5,-125.0,105.0
2026-09-07,6,LA,ARI,13.5,-800.0,550.0
2026-09-07,6,KC,LAC,2.5,-142.0,120.0
2026-09-07,6,LV,BUF,-6.5,215.0,-265.0
2026-09-07,6,GB,DAL,3.0,-170.0,142.0
2026-09-07,6,SF,WAS,5.5,-250.0,205.0
2026-09-07,7,CHI,NE,1.5,-122.0,102.0
2026-09-07,7,NO,PIT,-2.5,120.0,-142.0
2026-09-07,7,ATL,SF,-4.5,185.0,-225.0
2026-09-07,7,BAL,CIN,3.5,-185.0,154.0
2026-09-07,7,CAR,TB,-1.5,105.0,-125.0
2026-09-07,7,HOU,NYG,5.5,-245.0,200.0
2026-09-07,7,MIN,IND,2.5,-142.0,120.0
2026-09-07,9,ATL,CIN,-4.5,180.0,-215.0
2026-09-07,10,DET,NE,-1.5,100.0,-118.0
2026-09-07,11,SF,MIN,4.5,-210.0,176.0
2026-09-07,12,LA,GB,5.5,-240.0,198.0
2026-09-07,12,DET,CHI,2.5,-130.0,110.0
2026-09-07,12,DAL,PHI,1.5,-126.0,108.0
2026-09-07,12,BUF,KC,2.5,-154.0,130.0
2026-09-07,12,PIT,DEN,-1.5,112.0,-132.0
2026-09-07,16,PHI,HOU,2.5,-132.0,112.0
2026-09-07,16,CHI,GB,1.5,-118.0,100.0
2026-09-07,16,DEN,BUF,-1.5,112.0,-132.0
2026-09-07,16,SEA,LA,-1.5,100.0,-118.0
2026-09-08,1,SEA,NE,3.0,-170.0,142.0
2026-09-08,1,LA,SF,3.5,-198.0,164.0
2026-09-08,1,CAR,CHI,-3.0,130.0,-155.0
2026-09-08,1,CIN,TB,3.5,-198.0,164.0
2026-09-08,1,DET,NO,7.0,-305.0,245.0
2026-09-08,1,HOU,BUF,-1.5,-105.0,-115.0
2026-09-08,1,IND,BAL,-3.5,145.0,-175.0
2026-09-08,1,JAX,CLE,8.5,-425.0,330.0
2026-09-08,1,PIT,ATL,3.5,-185.0,154.0
2026-09-08,1,TEN,NYJ,1.5,-125.0,105.0
2026-09-08,1,LAC,ARI,9.5,-500.0,380.0
2026-09-08,1,LV,MIA,3.5,-185.0,154.0
2026-09-08,1,MIN,GB,1.5,-125.0,105.0
2026-09-08,1,PHI,WAS,5.5,-218.0,180.0
2026-09-08,1,NYG,DAL,-3.0,136.0,-162.0
2026-09-08,1,KC,DEN,3.0,-148.0,124.0
2026-09-08,2,BUF,DET,3.0,-162.0,136.0
2026-09-08,2,ATL,CAR,1.5,-125.0,105.0
2026-09-08,2,BAL,NO,7.5,-355.0,280.0
2026-09-08,2,CHI,MIN,3.5,-192.0,160.0
2026-09-08,2,HOU,CIN,2.5,-135.0,114.0
2026-09-08,2,NE,PIT,4.5,-218.0,180.0
2026-09-08,2,NYJ,GB,-5.5,200.0,-245.0
2026-09-08,2,TB,CLE,6.5,-278.0,225.0
2026-09-08,2,TEN,PHI,-4.5,180.0,-218.0
2026-09-08,2,DEN,JAX,3.0,-155.0,130.0
2026-09-08,2,LAC,LV,8.5,-360.0,285.0
2026-09-08,2,ARI,SEA,-10.0,410.0,-550.0
2026-09-08,2,DAL,WAS,4.5,-205.0,170.0
2026-09-08,2,SF,MIA,10.5,-675.0,490.0
2026-09-08,2,KC,IND,6.5,-325.0,260.0
2026-09-08,2,LA,NYG,8.5,-380.0,300.0
2026-09-08,3,GB,ATL,7.5,-375.0,295.0
2026-09-08,3,BUF,LAC,3.0,-162.0,136.0
2026-09-08,3,CLE,CAR,-1.5,102.0,-122.0
2026-09-08,3,DET,NYJ,9.5,-410.0,320.0
2026-09-08,3,IND,HOU,-1.5,102.0,-122.0
2026-09-08,3,JAX,NE,1.5,-118.0,-102.0
2026-09-08,3,MIA,KC,-7.5,340.0,-440.0
2026-09-08,3,NYG,TEN,3.0,-166.0,140.0
2026-09-08,3,PIT,CIN,-1.5,105.0,-125.0
2026-09-08,3,WAS,SEA,-3.5,160.0,-192.0
2026-09-08,3,SF,ARI,11.5,-650.0,470.0
2026-09-08,3,TB,MIN,1.5,-125.0,105.0
2026-09-08,3,DAL,BAL,-2.5,114.0,-135.0
2026-09-08,3,NO,LV,3.5,-185.0,154.0
2026-09-08,3,DEN,LA,-3.0,130.0,-155.0
2026-09-08,3,CHI,PHI,1.5,-118.0,-102.0
2026-09-08,4,CLE,PIT,-2.5,114.0,-135.0
2026-09-08,4,WAS,IND,1.5,-118.0,-102.0
2026-09-08,4,BAL,TEN,8.5,-395.0,310.0
2026-09-08,4,BUF,NE,3.0,-162.0,136.0
2026-09-08,4,CHI,NYJ,8.5,-425.0,330.0
2026-09-08,4,CIN,JAX,2.5,-135.0,114.0
2026-09-08,4,HOU,DAL,2.5,-135.0,114.0
2026-09-08,4,NYG,ARI,7.0,-325.0,260.0
2026-09-08,4,PHI,LA,-1.5,105.0,-125.0
2026-09-08,4,TB,GB,-1.5,105.0,-125.0
2026-09-08,4,MIN,MIA,7.5,-410.0,320.0
2026-09-08,4,LV,KC,-5.5,205.0,-250.0
2026-09-08,4,SEA,LAC,3.0,-175.0,145.0
2026-09-08,4,SF,DEN,2.5,-135.0,114.0
2026-09-08,4,CAR,DET,-3.0,136.0,-162.0
2026-09-08,4,NO,ATL,2.5,-135.0,114.0
2026-09-08,5,DAL,TB,3.5,-205.0,170.0
2026-09-08,5,JAX,PHI,-1.5,105.0,-125.0
2026-09-08,5,MIA,CIN,-6.0,220.0,-270.0
2026-09-08,5,NE,LV,8.5,-395.0,310.0
2026-09-08,5,NO,MIN,-1.5,105.0,-125.0
2026-09-08,5,NYJ,CLE,1.5,-130.0,110.0
2026-09-08,5,PIT,IND,2.5,-142.0,120.0
2026-09-08,5,TEN,HOU,-3.5,160.0,-192.0
2026-09-08,5,WAS,NYG,1.5,-130.0,110.0
2026-09-08,5,LAC,DEN,2.5,-135.0,114.0
2026-09-08,5,ARI,DET,-8.5,310.0,-395.0
2026-09-08,5,GB,CHI,3.0,-166.0,140.0
2026-09-08,5,SEA,SF,3.5,-205.0,170.0
2026-09-08,5,ATL,BAL,-4.5,170.0,-205.0
2026-09-08,5,LA,BUF,3.0,-166.0,140.0
2026-09-08,6,DEN,SEA,-1.5,110.0,-130.0
2026-09-08,6,JAX,HOU,1.5,-112.0,-108.0
2026-09-08,6,ATL,CHI,-3.0,130.0,-155.0
2026-09-08,6,CLE,BAL,-6.5,205.0,-250.0
2026-09-08,6,IND,TEN,3.5,-198.0,164.0
2026-09-08,6,NE,NYJ,9.5,-440.0,340.0
2026-09-08,6,NYG,NO,2.5,-142.0,120.0
2026-09-08,6,PHI,CAR,6.5,-285.0,230.0
2026-09-08,6,TB,PIT,1.5,-125.0,105.0
2026-09-08,6,LA,ARI,13.5,-750.0,525.0
2026-09-08,6,KC,LAC,2.5,-142.0,120.0
2026-09-08,6,LV,BUF,-6.5,215.0,-265.0
2026-09-08,6,GB,DAL,3.0,-166.0,140.0
2026-09-08,6,SF,WAS,5.5,-245.0,200.0
2026-09-08,7,CHI,NE,1.5,-125.0,105.0
2026-09-08,7,NO,PIT,-2.5,120.0,-142.0
2026-09-08,7,ATL,SF,-4.5,185.0,-225.0
2026-09-08,7,BAL,CIN,3.5,-185.0,154.0
2026-09-08,7,CAR,TB,-1.5,105.0,-125.0
2026-09-08,7,HOU,NYG,5.5,-238.0,195.0
2026-09-08,7,MIN,IND,2.5,-142.0,120.0
2026-09-08,9,ATL,CIN,-4.5,180.0,-215.0
2026-09-08,10,DET,NE,-1.5,100.0,-118.0
2026-09-08,11,SF,MIN,4.5,-210.0,176.0
2026-09-08,12,LA,GB,5.5,-240.0,198.0
2026-09-08,12,DET,CHI,2.5,-130.0,110.0
2026-09-08,12,DAL,PHI,1.5,-126.0,108.0
2026-09-08,12,BUF,KC,2.5,-154.0,130.0
2026-09-08,12,PIT,DEN,-1.5,112.0,-132.0
2026-09-08,16,PHI,HOU,2.5,-132.0,112.0
2026-09-08,16,CHI,GB,1.5,-118.0,100.0
2026-09-08,16,DEN,BUF,-1.5,112.0,-132.0
2026-09-08,16,SEA,LA,-1.5,100.0,-118.0
2026-09-09,1,SEA,NE,3.0,-166.0,140.0
2026-09-09,1,LA,SF,3.5,-198.0,164.0
2026-09-09,1,CAR,CHI,-3.0,136.0,-162.0
2026-09-09,1,CIN,TB,3.5,-205.0,170.0
2026-09-09,1,DET,NO,7.0,-310.0,250.0
2026-09-09,1,HOU,BUF,-1.5,-102.0,-118.0
2026-09-09,1,IND,BAL,-3.5,145.0,-175.0
2026-09-09,1,JAX,CLE,8.5,-470.0,360.0
2026-09-09,1,PIT,ATL,3.5,-185.0,154.0
2026-09-09,1,TEN,NYJ,1.5,-122.0,102.0
2026-09-09,1,LAC,ARI,9.5,-520.0,390.0
2026-09-09,1,LV,MIA,3.5,-185.0,154.0
2026-09-09,1,MIN,GB,1.5,-120.0,100.0
2026-09-09,1,PHI,WAS,5.5,-218.0,180.0
2026-09-09,1,NYG,DAL,-3.0,136.0,-162.0
2026-09-09,1,KC,DEN,2.5,-155.0,130.0
2026-09-09,2,BUF,DET,3.0,-162.0,136.0
2026-09-09,2,ATL,CAR,1.5,-125.0,105.0
2026-09-09,2,BAL,NO,7.5,-355.0,280.0
2026-09-09,2,CHI,MIN,3.0,-166.0,140.0
2026-09-09,2,HOU,CIN,2.5,-148.0,124.0
2026-09-09,2,NE,PIT,4.5,-218.0,180.0
2026-09-09,2,NYJ,GB,-5.5,200.0,-245.0
2026-09-09,2,TB,CLE,6.5,-278.0,225.0
2026-09-09,2,TEN,PHI,-5.5,190.0,-230.0
2026-09-09,2,DEN,JAX,3.0,-155.0,130.0
2026-09-09,2,LAC,LV,8.5,-360.0,285.0
2026-09-09,2,ARI,SEA,-10.0,410.0,-550.0
2026-09-09,2,DAL,WAS,4.5,-205.0,170.0
2026-09-09,2,SF,MIA,10.5,-675.0,490.0
2026-09-09,2,KC,IND,6.5,-310.0,250.0
2026-09-09,2,LA,NYG,9.5,-485.0,370.0
2026-09-09,3,GB,ATL,7.5,-375.0,295.0
2026-09-09,3,BUF,LAC,3.0,-162.0,136.0
2026-09-09,3,CLE,CAR,-1.5,102.0,-122.0
2026-09-09,3,DET,NYJ,9.5,-410.0,320.0
2026-09-09,3,IND,HOU,-1.5,102.0,-122.0
2026-09-09,3,MIA,KC,-7.5,340.0,-440.0
2026-09-09,3,NYG,TEN,3.0,-166.0,140.0
2026-09-09,3,PIT,CIN,-1.5,105.0,-125.0
2026-09-09,3,WAS,SEA,-3.5,160.0,-192.0
2026-09-09,3,SF,ARI,11.5,-650.0,470.0
2026-09-09,3,TB,MIN,1.5,-125.0,105.0
2026-09-09,3,DAL,BAL,-2.5,114.0,-135.0
2026-09-09,3,NO,LV,3.5,-185.0,154.0
2026-09-09,3,DEN,LA,-3.0,130.0,-155.0
2026-09-09,3,CHI,PHI,1.5,-118.0,-102.0
2026-09-09,4,CLE,PIT,-2.5,114.0,-135.0
2026-09-09,4,WAS,IND,1.5,-118.0,-102.0
2026-09-09,4,BAL,TEN,8.5,-395.0,310.0
2026-09-09,4,BUF,NE,3.0,-162.0,136.0
2026-09-09,4,CHI,NYJ,8.5,-425.0,330.0
2026-09-09,4,CIN,JAX,2.5,-135.0,114.0
2026-09-09,4,HOU,DAL,2.5,-135.0,114.0
2026-09-09,4,NYG,ARI,7.0,-325.0,260.0
2026-09-09,4,PHI,LA,-1.5,105.0,-125.0
2026-09-09,4,TB,GB,-1.5,105.0,-125.0
2026-09-09,4,MIN,MIA,7.5,-410.0,320.0
2026-09-09,4,LV,KC,-5.5,205.0,-250.0
2026-09-09,4,SEA,LAC,3.0,-175.0,145.0
2026-09-09,4,SF,DEN,2.5,-135.0,114.0
2026-09-09,4,CAR,DET,-3.0,136.0,-162.0
2026-09-09,4,NO,ATL,2.5,-135.0,114.0
2026-09-09,5,DAL,TB,3.5,-205.0,170.0
2026-09-09,5,JAX,PHI,-1.5,105.0,-125.0
2026-09-09,5,MIA,CIN,-6.0,220.0,-270.0
2026-09-09,5,NE,LV,8.5,-395.0,310.0
2026-09-09,5,NO,MIN,-1.5,105.0,-125.0
2026-09-09,5,NYJ,CLE,1.5,-130.0,110.0
2026-09-09,5,PIT,IND,2.5,-142.0,120.0
2026-09-09,5,TEN,HOU,-3.5,154.0,-185.0
2026-09-09,5,WAS,NYG,1.5,-130.0,110.0
2026-09-09,5,LAC,DEN,2.5,-135.0,114.0
2026-09-09,5,ARI,DET,-8.5,310.0,-395.0
2026-09-09,5,GB,CHI,3.0,-166.0,140.0
2026-09-09,5,SEA,SF,3.5,-205.0,170.0
2026-09-09,5,ATL,BAL,-4.5,170.0,-205.0
2026-09-09,5,LA,BUF,3.0,-166.0,140.0
2026-09-09,6,DEN,SEA,-2.5,110.0,-130.0
2026-09-09,6,JAX,HOU,1.5,-112.0,-108.0
2026-09-09,6,ATL,CHI,-3.0,130.0,-155.0
2026-09-09,6,CLE,BAL,-6.5,205.0,-250.0
2026-09-09,6,IND,TEN,3.5,-198.0,164.0
2026-09-09,6,NE,NYJ,9.5,-425.0,330.0
2026-09-09,6,NYG,NO,2.5,-142.0,120.0
2026-09-09,6,PHI,CAR,6.5,-285.0,230.0
2026-09-09,6,TB,PIT,1.5,-125.0,105.0
2026-09-09,6,LA,ARI,13.5,-750.0,525.0
2026-09-09,6,KC,LAC,2.5,-142.0,120.0
2026-09-09,6,LV,BUF,-6.5,215.0,-265.0
2026-09-09,6,GB,DAL,3.0,-166.0,140.0
2026-09-09,6,SF,WAS,5.5,-245.0,200.0
2026-09-09,7,CHI,NE,1.5,-125.0,105.0
2026-09-09,7,NO,PIT,-2.5,120.0,-142.0
2026-09-09,7,ATL,SF,-4.5,185.0,-225.0
2026-09-09,7,BAL,CIN,3.5,-185.0,154.0
2026-09-09,7,CAR,TB,-1.5,105.0,-125.0
2026-09-09,7,HOU,NYG,5.5,-245.0,200.0
2026-09-09,7,MIN,IND,2.5,-142.0,120.0
2026-09-09,7,NYJ,MIA,2.5,-142.0,120.0
2026-09-10,1,LA,SF,3.5,-192.0,160.0
2026-09-10,1,CAR,CHI,-3.0,136.0,-162.0
2026-09-10,1,CIN,TB,3.5,-198.0,164.0
2026-09-10,1,DET,NO,7.0,-310.0,250.0
2026-09-10,1,HOU,BUF,-1.5,100.0,-120.0
2026-09-10,1,IND,BAL,-3.5,145.0,-175.0
2026-09-10,1,JAX,CLE,8.5,-455.0,350.0
2026-09-10,1,PIT,ATL,3.5,-185.0,154.0
2026-09-10,1,TEN,NYJ,1.5,-125.0,105.0
2026-09-10,1,LAC,ARI,9.5,-500.0,380.0
2026-09-10,1,LV,MIA,3.0,-166.0,140.0
2026-09-10,1,MIN,GB,1.5,-122.0,102.0
2026-09-10,1,PHI,WAS,5.5,-218.0,180.0
2026-09-10,1,NYG,DAL,-3.0,136.0,-162.0
2026-09-10,1,KC,DEN,2.5,-148.0,124.0
2026-09-10,2,BUF,DET,3.0,-162.0,136.0
2026-09-10,2,ATL,CAR,1.5,-122.0,102.0
2026-09-10,2,BAL,NO,7.5,-355.0,280.0
2026-09-10,2,CHI,MIN,3.0,-170.0,142.0
2026-09-10,2,HOU,CIN,2.5,-148.0,124.0
2026-09-10,2,NYJ,GB,-5.5,200.0,-245.0
2026-09-10,2,TB,CLE,6.5,-285.0,230.0
2026-09-10,2,TEN,PHI,-5.5,190.0,-230.0
2026-09-10,2,DEN,JAX,3.0,-155.0,130.0
2026-09-10,2,LAC,LV,9.5,-395.0,310.0
2026-09-10,2,DAL,WAS,4.5,-205.0,170.0
2026-09-10,2,SF,MIA,10.5,-675.0,490.0
2026-09-10,2,KC,IND,6.5,-325.0,260.0
2026-09-10,2,LA,NYG,9.5,-485.0,370.0
2026-09-10,3,GB,ATL,7.5,-375.0,295.0
2026-09-10,3,BUF,LAC,3.0,-162.0,136.0
2026-09-10,3,CLE,CAR,-1.5,105.0,-125.0
2026-09-10,3,DET,NYJ,9.5,-410.0,320.0
2026-09-10,3,IND,HOU,-1.5,102.0,-122.0
2026-09-10,3,MIA,KC,-7.5,340.0,-440.0
2026-09-10,3,NYG,TEN,3.0,-166.0,140.0
2026-09-10,3,PIT,CIN,-1.5,105.0,-125.0
2026-09-10,3,SF,ARI,11.5,-675.0,490.0
2026-09-10,3,TB,MIN,1.5,-125.0,105.0
2026-09-10,3,DAL,BAL,-2.5,114.0,-135.0
2026-09-10,3,NO,LV,3.5,-185.0,154.0
2026-09-10,3,DEN,LA,-3.0,130.0,-155.0
2026-09-10,3,CHI,PHI,1.5,-118.0,-102.0
2026-09-10,4,CLE,PIT,-2.5,114.0,-135.0
2026-09-10,4,WAS,IND,1.5,-118.0,-102.0
2026-09-10,4,BAL,TEN,8.5,-380.0,300.0
2026-09-10,4,CHI,NYJ,8.5,-425.0,330.0
2026-09-10,4,CIN,JAX,2.5,-135.0,114.0
2026-09-10,4,HOU,DAL,2.5,-135.0,114.0
2026-09-10,4,NYG,ARI,7.0,-325.0,260.0
2026-09-10,4,PHI,LA,-1.5,105.0,-125.0
2026-09-10,4,TB,GB,-1.5,105.0,-125.0
2026-09-10,4,MIN,MIA,7.5,-395.0,310.0
2026-09-10,4,LV,KC,-5.5,205.0,-250.0
2026-09-10,4,SF,DEN,2.5,-142.0,120.0
2026-09-10,4,CAR,DET,-3.0,136.0,-162.0
2026-09-10,4,NO,ATL,2.5,-142.0,120.0
2026-09-10,5,DAL,TB,3.5,-205.0,170.0
2026-09-10,5,JAX,PHI,-1.5,105.0,-125.0
2026-09-10,5,MIA,CIN,-6.0,225.0,-278.0
2026-09-10,5,NO,MIN,-1.5,105.0,-125.0
2026-09-10,5,NYJ,CLE,2.5,-130.0,110.0
2026-09-10,5,PIT,IND,2.5,-142.0,120.0
2026-09-10,5,TEN,HOU,-3.5,154.0,-185.0
2026-09-10,5,WAS,NYG,2.5,-130.0,110.0
2026-09-10,5,LAC,DEN,2.5,-142.0,120.0
2026-09-10,5,ARI,DET,-8.5,310.0,-395.0
2026-09-10,5,GB,CHI,3.0,-166.0,140.0
2026-09-10,5,ATL,BAL,-4.5,170.0,-205.0
2026-09-10,5,LA,BUF,3.0,-170.0,142.0
2026-09-10,6,JAX,HOU,1.5,-112.0,-108.0
2026-09-10,6,ATL,CHI,-3.0,130.0,-155.0
2026-09-10,6,CLE,BAL,-6.5,205.0,-250.0
2026-09-10,6,IND,TEN,3.5,-198.0,164.0
2026-09-10,6,NYG,NO,2.5,-142.0,120.0
2026-09-10,6,PHI,CAR,6.5,-278.0,225.0
2026-09-10,6,TB,PIT,1.5,-125.0,105.0
2026-09-10,6,LA,ARI,13.5,-750.0,525.0
2026-09-10,6,KC,LAC,2.5,-142.0,120.0
2026-09-10,6,LV,BUF,-6.5,220.0,-270.0
2026-09-10,6,GB,DAL,3.0,-166.0,140.0
2026-09-10,6,SF,WAS,5.5,-245.0,200.0
2026-09-10,7,NO,PIT,-2.5,120.0,-142.0
2026-09-10,7,ATL,SF,-4.5,185.0,-225.0
2026-09-10,7,BAL,CIN,3.5,-185.0,154.0
2026-09-10,7,CAR,TB,-1.5,105.0,-125.0
2026-09-10,7,HOU,NYG,5.5,-238.0,195.0
2026-09-10,7,MIN,IND,2.5,-142.0,120.0
2026-09-10,7,NYJ,MIA,2.5,-135.0,114.0
2026-09-10,7,TEN,CLE,2.5,-135.0,114.0
2026-09-10,7,ARI,DEN,-7.5,295.0,-375.0
2026-09-10,7,DET,GB,2.5,-142.0,120.0
2026-09-10,7,LV,LA,-7.5,275.0,-345.0
2026-09-10,7,PHI,DAL,3.0,-162.0,136.0
2026-09-10,8,GB,CAR,7.0,-355.0,280.0
2026-09-10,8,BUF,BAL,2.5,-135.0,114.0
2026-09-10,8,DAL,ARI,10.5,-550.0,410.0
2026-09-10,8,DET,MIN,4.5,-225.0,185.0
2026-09-10,8,NYJ,LV,1.5,-122.0,102.0
2026-09-10,8,TB,ATL,4.5,-225.0,185.0
2026-09-10,2,NE,PIT,4.5,-205.0,170.0
2026-09-11,1,CAR,CHI,-3.0,142.0,-170.0
2026-09-11,1,CIN,TB,3.5,-198.0,164.0
2026-09-11,1,DET,NO,7.0,-310.0,250.0
2026-09-11,1,HOU,BUF,-1.5,-102.0,-118.0
2026-09-11,1,IND,BAL,-3.5,145.0,-175.0
2026-09-11,1,JAX,CLE,8.5,-455.0,350.0
2026-09-11,1,PIT,ATL,5.5,-225.0,185.0
2026-09-11,1,TEN,NYJ,1.5,-125.0,105.0
2026-09-11,1,LAC,ARI,9.5,-500.0,380.0
2026-09-11,1,LV,MIA,3.0,-170.0,142.0
2026-09-11,1,MIN,GB,1.5,-122.0,102.0
2026-09-11,1,PHI,WAS,6.0,-250.0,205.0
2026-09-11,1,NYG,DAL,-3.0,136.0,-162.0
2026-09-11,1,KC,DEN,2.5,-148.0,124.0
2026-09-11,2,BUF,DET,3.0,-162.0,136.0
2026-09-11,2,ATL,CAR,1.5,-125.0,105.0
2026-09-11,2,BAL,NO,7.5,-375.0,295.0
2026-09-11,2,CHI,MIN,3.0,-170.0,142.0
2026-09-11,2,HOU,CIN,2.5,-148.0,124.0
2026-09-11,2,NE,PIT,4.5,-205.0,170.0
2026-09-11,2,NYJ,GB,-5.5,200.0,-245.0
2026-09-11,2,TB,CLE,6.5,-285.0,230.0
2026-09-11,2,TEN,PHI,-5.5,190.0,-230.0
2026-09-11,2,DEN,JAX,3.0,-155.0,130.0
2026-09-11,2,LAC,LV,9.5,-395.0,310.0
2026-09-11,2,DAL,WAS,4.5,-205.0,170.0
2026-09-11,2,SF,MIA,11.5,-800.0,560.0
2026-09-11,2,KC,IND,6.5,-310.0,250.0
2026-09-11,3,GB,ATL,7.5,-375.0,295.0
2026-09-11,3,BUF,LAC,3.0,-162.0,136.0
2026-09-11,3,CLE,CAR,-1.5,105.0,-125.0
2026-09-11,3,DET,NYJ,9.5,-425.0,330.0
2026-09-11,3,IND,HOU,-1.5,102.0,-122.0
2026-09-11,3,MIA,KC,-7.5,340.0,-440.0
2026-09-11,3,NYG,TEN,3.0,-166.0,140.0
2026-09-11,3,PIT,CIN,-1.5,105.0,-125.0
2026-09-11,3,TB,MIN,1.5,-125.0,105.0
2026-09-11,3,DAL,BAL,-2.5,114.0,-135.0
2026-09-11,3,NO,LV,3.5,-185.0,154.0
2026-09-11,3,CHI,PHI,1.5,-118.0,-102.0
2026-09-11,4,CLE,PIT,-2.5,114.0,-135.0
2026-09-11,4,WAS,IND,1.5,-118.0,-102.0
2026-09-11,4,BAL,TEN,8.5,-395.0,310.0
2026-09-11,4,CHI,NYJ,8.5,-440.0,340.0
2026-09-11,4,CIN,JAX,2.5,-135.0,114.0
2026-09-11,4,HOU,DAL,2.5,-135.0,114.0
2026-09-11,4,NYG,ARI,7.0,-325.0,260.0
2026-09-11,4,TB,GB,-1.5,105.0,-125.0
2026-09-11,4,MIN,MIA,7.5,-395.0,310.0
2026-09-11,4,LV,KC,-5.5,205.0,-250.0
2026-09-11,4,CAR,DET,-3.0,136.0,-162.0
2026-09-11,4,NO,ATL,2.5,-135.0,114.0
2026-09-11,5,DAL,TB,3.5,-205.0,170.0
2026-09-11,5,JAX,PHI,-1.5,105.0,-125.0
2026-09-11,5,MIA,CIN,-6.0,225.0,-278.0
2026-09-11,5,NO,MIN,-1.5,105.0,-125.0
2026-09-11,5,NYJ,CLE,2.5,-130.0,110.0
2026-09-11,5,PIT,IND,2.5,-142.0,120.0
2026-09-11,5,TEN,HOU,-3.5,154.0,-185.0
2026-09-11,5,WAS,NYG,2.5,-130.0,110.0
2026-09-11,5,LAC,DEN,2.5,-142.0,120.0
2026-09-11,5,ARI,DET,-8.5,310.0,-395.0
2026-09-11,5,GB,CHI,3.0,-166.0,140.0
2026-09-11,5,ATL,BAL,-4.5,164.0,-198.0
2026-09-11,6,JAX,HOU,1.5,-112.0,-108.0
2026-09-11,6,ATL,CHI,-3.0,130.0,-155.0
2026-09-11,6,CLE,BAL,-6.5,205.0,-250.0
2026-09-11,6,IND,TEN,3.5,-198.0,164.0
2026-09-11,6,NYG,NO,2.5,-142.0,120.0
2026-09-11,6,PHI,CAR,6.5,-278.0,225.0
2026-09-11,6,TB,PIT,1.5,-125.0,105.0
2026-09-11,6,KC,LAC,2.5,-142.0,120.0
2026-09-11,6,LV,BUF,-6.5,220.0,-270.0
2026-09-11,6,GB,DAL,3.0,-166.0,140.0
2026-09-11,7,NO,PIT,-2.5,120.0,-142.0
2026-09-11,7,BAL,CIN,3.5,-180.0,150.0
2026-09-11,7,CAR,TB,-1.5,105.0,-125.0
2026-09-11,7,HOU,NYG,5.5,-238.0,195.0
2026-09-11,7,MIN,IND,2.5,-142.0,120.0
2026-09-11,7,NYJ,MIA,2.5,-142.0,120.0
2026-09-11,7,TEN,CLE,2.5,-135.0,114.0
2026-09-11,7,ARI,DEN,-7.5,295.0,-375.0
2026-09-11,7,DET,GB,2.5,-142.0,120.0
2026-09-11,7,PHI,DAL,3.0,-162.0,136.0
2026-09-11,8,GB,CAR,7.0,-355.0,280.0
2026-09-11,8,BUF,BAL,2.5,-135.0,114.0
2026-09-11,8,CIN,TEN,6.5,-290.0,235.0
2026-09-11,8,DAL,ARI,10.5,-550.0,410.0
2026-09-11,8,DET,MIN,4.5,-225.0,185.0
2026-09-11,8,JAX,IND,4.5,-225.0,185.0
2026-09-11,8,NYJ,LV,1.5,-122.0,102.0
2026-09-11,8,PIT,CLE,6.0,-258.0,210.0
2026-09-11,8,TB,ATL,4.5,-225.0,185.0
2026-09-11,8,DEN,KC,1.5,-125.0,105.0
2026-09-11,8,WAS,PHI,-1.5,105.0,-125.0
2026-09-11,9,BAL,JAX,4.5,-205.0,170.0
2026-09-11,9,ATL,CIN,-5.5,190.0,-230.0
2026-09-11,9,CAR,DEN,-3.0,136.0,-162.0
2026-09-11,9,KC,NYJ,9.5,-455.0,350.0
2026-09-11,9,MIA,DET,-6.5,225.0,-278.0
2026-09-11,9,PHI,NYG,5.5,-238.0,195.0
2026-09-12,1,CAR,CHI,-3.0,140.0,-166.0
2026-09-12,1,CIN,TB,3.5,-205.0,170.0
2026-09-12,1,DET,NO,7.0,-340.0,270.0
2026-09-12,1,HOU,BUF,-1.5,-102.0,-118.0
2026-09-12,1,IND,BAL,-3.5,145.0,-175.0
2026-09-12,1,JAX,CLE,8.5,-455.0,350.0
2026-09-12,1,PIT,ATL,6.0,-270.0,220.0
2026-09-12,1,TEN,NYJ,1.5,-122.0,102.0
2026-09-12,1,LAC,ARI,9.5,-500.0,380.0
2026-09-12,1,LV,MIA,3.0,-170.0,142.0
2026-09-12,1,MIN,GB,1.5,-125.0,105.0
2026-09-12,1,PHI,WAS,6.0,-250.0,205.0
2026-09-12,1,NYG,DAL,-3.0,136.0,-162.0
2026-09-12,1,KC,DEN,2.5,-142.0,120.0
2026-09-12,2,BUF,DET,3.0,-162.0,136.0
2026-09-12,2,ATL,CAR,1.5,-125.0,105.0
2026-09-12,2,BAL,NO,7.5,-355.0,280.0
2026-09-12,2,CHI,MIN,3.0,-170.0,142.0
2026-09-12,2,HOU,CIN,2.5,-148.0,124.0
2026-09-12,2,NE,PIT,4.5,-205.0,170.0
2026-09-12,2,NYJ,GB,-5.5,200.0,-245.0
2026-09-12,2,TB,CLE,6.5,-285.0,230.0
2026-09-12,2,TEN,PHI,-5.5,190.0,-230.0
2026-09-12,2,DEN,JAX,3.0,-155.0,130.0
2026-09-12,2,LAC,LV,9.5,-395.0,310.0
2026-09-12,2,DAL,WAS,4.5,-198.0,164.0
2026-09-12,2,SF,MIA,12.5,-900.0,610.0
2026-09-12,2,KC,IND,6.5,-310.0,250.0
2026-09-12,3,GB,ATL,7.5,-375.0,295.0
2026-09-12,3,BUF,LAC,3.0,-162.0,136.0
2026-09-12,3,CLE,CAR,-1.5,105.0,-125.0
2026-09-12,3,DET,NYJ,9.5,-425.0,330.0
2026-09-12,3,IND,HOU,-1.5,102.0,-122.0
2026-09-12,3,MIA,KC,-7.5,340.0,-440.0
2026-09-12,3,NYG,TEN,3.0,-166.0,140.0
2026-09-12,3,PIT,CIN,-1.5,105.0,-125.0
2026-09-12,3,TB,MIN,1.5,-125.0,105.0
2026-09-12,3,DAL,BAL,-2.5,114.0,-135.0
2026-09-12,3,NO,LV,3.5,-185.0,154.0
2026-09-12,3,CHI,PHI,1.5,-118.0,-102.0
2026-09-12,4,CLE,PIT,-2.5,114.0,-135.0
2026-09-12,4,WAS,IND,1.5,-118.0,-102.0
2026-09-12,4,BAL,TEN,8.5,-395.0,310.0
2026-09-12,4,CHI,NYJ,8.5,-440.0,340.0
2026-09-12,4,CIN,JAX,2.5,-135.0,114.0
2026-09-12,4,HOU,DAL,2.5,-135.0,114.0
2026-09-12,4,NYG,ARI,7.0,-325.0,260.0
2026-09-12,4,TB,GB,-1.5,105.0,-125.0
2026-09-12,4,MIN,MIA,7.5,-395.0,310.0
2026-09-12,4,LV,KC,-5.5,205.0,-250.0
2026-09-12,4,CAR,DET,-3.0,136.0,-162.0
2026-09-12,4,NO,ATL,2.5,-135.0,114.0
2026-09-12,5,DAL,TB,3.5,-205.0,170.0
2026-09-12,5,JAX,PHI,-1.5,105.0,-125.0
2026-09-12,5,MIA,CIN,-6.0,225.0,-278.0
2026-09-12,5,NO,MIN,-1.5,105.0,-125.0
2026-09-12,5,NYJ,CLE,2.5,-130.0,110.0
2026-09-12,5,PIT,IND,2.5,-142.0,120.0
2026-09-12,5,TEN,HOU,-3.5,154.0,-185.0
2026-09-12,5,WAS,NYG,2.5,-130.0,110.0
2026-09-12,5,LAC,DEN,2.5,-142.0,120.0
2026-09-12,5,ARI,DET,-8.5,310.0,-395.0
2026-09-12,5,GB,CHI,3.0,-166.0,140.0
2026-09-12,5,ATL,BAL,-4.5,170.0,-205.0
2026-09-12,6,JAX,HOU,1.5,-112.0,-108.0
2026-09-12,6,ATL,CHI,-3.0,130.0,-155.0
2026-09-12,6,CLE,BAL,-6.5,205.0,-250.0
2026-09-12,6,IND,TEN,3.5,-198.0,164.0
2026-09-12,6,NYG,NO,2.5,-142.0,120.0
2026-09-12,6,PHI,CAR,6.5,-278.0,225.0
2026-09-12,6,TB,PIT,1.5,-125.0,105.0
2026-09-12,6,KC,LAC,2.5,-142.0,120.0
2026-09-12,6,LV,BUF,-6.5,220.0,-270.0
2026-09-12,6,GB,DAL,3.0,-170.0,142.0
2026-09-12,7,NO,PIT,-2.5,120.0,-142.0
2026-09-12,7,BAL,CIN,3.5,-180.0,150.0
2026-09-12,7,CAR,TB,-1.5,105.0,-125.0
2026-09-12,7,HOU,NYG,5.5,-238.0,195.0
2026-09-12,7,MIN,IND,2.5,-142.0,120.0
2026-09-12,7,NYJ,MIA,2.5,-142.0,120.0
2026-09-12,7,TEN,CLE,2.5,-135.0,114.0
2026-09-12,7,ARI,DEN,-7.5,295.0,-375.0
2026-09-12,7,DET,GB,2.5,-135.0,114.0
2026-09-12,7,PHI,DAL,3.0,-162.0,136.0
2026-09-12,8,GB,CAR,7.0,-345.0,275.0
2026-09-12,8,BUF,BAL,2.5,-135.0,114.0
2026-09-12,8,CIN,TEN,6.5,-290.0,235.0
2026-09-12,8,DAL,ARI,10.5,-535.0,400.0
2026-09-12,8,DET,MIN,4.5,-225.0,185.0
2026-09-12,8,JAX,IND,4.5,-225.0,185.0
2026-09-12,8,NYJ,LV,1.5,-122.0,102.0
2026-09-12,8,PIT,CLE,6.0,-258.0,210.0
2026-09-12,8,TB,ATL,4.5,-218.0,180.0
2026-09-12,8,DEN,KC,1.5,-125.0,105.0
2026-09-12,8,WAS,PHI,-1.5,105.0,-125.0
2026-09-12,9,BAL,JAX,4.5,-205.0,170.0
2026-09-12,9,ATL,CIN,-5.5,190.0,-230.0
2026-09-12,9,CAR,DEN,-3.0,136.0,-162.0
2026-09-12,9,IND,DAL,-1.5,105.0,-125.0
2026-09-12,9,KC,NYJ,9.5,-455.0,350.0
2026-09-12,9,MIA,DET,-6.5,225.0,-278.0
2026-09-13,1,CAR,CHI,-3.0,140.0,-166.0
2026-09-13,1,CIN,TB,3.5,-198.0,164.0
2026-09-13,1,DET,NO,7.0,-325.0,260.0
2026-09-13,1,HOU,BUF,-1.5,-108.0,-112.0
2026-09-13,1,IND,BAL,-3.5,145.0,-175.0
2026-09-13,1,JAX,CLE,8.5,-455.0,350.0
2026-09-13,1,PIT,ATL,6.0,-285.0,230.0
2026-09-13,1,TEN,NYJ,1.5,-120.0,100.0
2026-09-13,1,LAC,ARI,9.5,-520.0,390.0
2026-09-13,1,LV,MIA,3.0,-170.0,142.0
2026-09-13,1,MIN,GB,2.5,-130.0,110.0
2026-09-13,1,PHI,WAS,6.0,-245.0,200.0
2026-09-13,1,NYG,DAL,-3.0,136.0,-162.0
2026-09-13,1,KC,DEN,2.5,-135.0,114.0
2026-09-13,2,BUF,DET,3.0,-166.0,140.0
2026-09-13,2,ATL,CAR,1.5,-122.0,102.0
2026-09-13,2,BAL,NO,7.5,-360.0,285.0
2026-09-13,2,CHI,MIN,3.0,-170.0,142.0
2026-09-13,2,HOU,CIN,2.5,-148.0,124.0
2026-09-13,2,NE,PIT,4.5,-205.0,170.0
2026-09-13,2,NYJ,GB,-5.5,200.0,-245.0
2026-09-13,2,TB,CLE,6.5,-278.0,225.0
2026-09-13,2,TEN,PHI,-5.5,190.0,-230.0
2026-09-13,2,DEN,JAX,3.0,-155.0,130.0
2026-09-13,2,LAC,LV,9.5,-380.0,300.0
2026-09-13,2,DAL,WAS,4.5,-198.0,164.0
2026-09-13,2,SF,MIA,12.5,-900.0,610.0
2026-09-13,2,KC,IND,6.5,-278.0,225.0
2026-09-13,3,GB,ATL,7.5,-375.0,295.0
2026-09-13,3,BUF,LAC,3.0,-162.0,136.0
2026-09-13,3,CLE,CAR,-1.5,105.0,-125.0
2026-09-13,3,DET,NYJ,9.5,-410.0,320.0
2026-09-13,3,IND,HOU,-1.5,102.0,-122.0
2026-09-13,3,MIA,KC,-7.5,310.0,-395.0
2026-09-13,3,NYG,TEN,3.0,-166.0,140.0
2026-09-13,3,PIT,CIN,-1.5,105.0,-125.0
2026-09-13,3,TB,MIN,1.5,-130.0,110.0
2026-09-13,3,DAL,BAL,-2.5,114.0,-135.0
2026-09-13,3,NO,LV,3.5,-185.0,154.0
2026-09-13,3,CHI,PHI,1.5,-118.0,-102.0
2026-09-13,4,CLE,PIT,-2.5,114.0,-135.0
2026-09-13,4,WAS,IND,1.5,-118.0,-102.0
2026-09-13,4,BAL,TEN,8.5,-395.0,310.0
2026-09-13,4,CHI,NYJ,8.5,-410.0,320.0
2026-09-13,4,CIN,JAX,2.5,-135.0,114.0
2026-09-13,4,HOU,DAL,2.5,-135.0,114.0
2026-09-13,4,NYG,ARI,7.0,-325.0,260.0
2026-09-13,4,TB,GB,-1.5,105.0,-125.0
2026-09-13,4,MIN,MIA,7.5,-410.0,320.0
2026-09-13,4,LV,KC,-5.5,190.0,-230.0
2026-09-13,4,CAR,DET,-3.0,136.0,-162.0
2026-09-13,4,NO,ATL,2.5,-135.0,114.0
2026-09-13,5,DAL,TB,3.5,-205.0,170.0
2026-09-13,5,JAX,PHI,-1.5,105.0,-125.0
2026-09-13,5,MIA,CIN,-6.0,225.0,-278.0
2026-09-13,5,NO,MIN,-1.5,105.0,-125.0
2026-09-13,5,NYJ,CLE,1.5,-130.0,110.0
2026-09-13,5,PIT,IND,2.5,-142.0,120.0
2026-09-13,5,TEN,HOU,-3.5,154.0,-185.0
2026-09-13,5,WAS,NYG,2.5,-130.0,110.0
2026-09-13,5,LAC,DEN,2.5,-142.0,120.0
2026-09-13,5,ARI,DET,-8.5,310.0,-395.0
2026-09-13,5,GB,CHI,3.0,-166.0,140.0
2026-09-13,5,ATL,BAL,-4.5,170.0,-205.0
2026-09-13,6,JAX,HOU,1.5,-112.0,-108.0
2026-09-13,6,ATL,CHI,-3.0,130.0,-155.0
2026-09-13,6,CLE,BAL,-6.5,205.0,-250.0
2026-09-13,6,IND,TEN,3.5,-198.0,164.0
2026-09-13,6,NYG,NO,2.5,-142.0,120.0
2026-09-13,6,PHI,CAR,6.5,-278.0,225.0
2026-09-13,6,TB,PIT,1.5,-125.0,105.0
2026-09-13,6,KC,LAC,2.5,-142.0,120.0
2026-09-13,6,LV,BUF,-6.5,215.0,-265.0
2026-09-13,6,GB,DAL,3.0,-170.0,142.0
2026-09-13,7,NO,PIT,-2.5,120.0,-142.0
2026-09-13,7,BAL,CIN,3.5,-180.0,150.0
2026-09-13,7,CAR,TB,-1.5,105.0,-125.0
2026-09-13,7,HOU,NYG,5.5,-238.0,195.0
2026-09-13,7,MIN,IND,2.5,-142.0,120.0
2026-09-13,7,NYJ,MIA,2.5,-142.0,120.0
2026-09-13,7,TEN,CLE,2.5,-135.0,114.0
2026-09-13,7,ARI,DEN,-7.5,295.0,-375.0
2026-09-13,7,DET,GB,2.5,-142.0,120.0
2026-09-13,7,PHI,DAL,3.0,-162.0,136.0
2026-09-13,8,GB,CAR,7.0,-345.0,275.0
2026-09-13,8,BUF,BAL,2.5,-135.0,114.0
2026-09-13,8,CIN,TEN,6.5,-290.0,235.0
2026-09-13,8,DAL,ARI,10.5,-535.0,400.0
2026-09-13,8,DET,MIN,4.5,-225.0,185.0
2026-09-13,8,JAX,IND,4.5,-225.0,185.0
2026-09-13,8,NYJ,LV,1.5,-125.0,105.0
2026-09-13,8,PIT,CLE,6.0,-258.0,210.0
2026-09-13,8,TB,ATL,4.5,-218.0,180.0
2026-09-13,8,DEN,KC,1.5,-125.0,105.0
2026-09-13,8,WAS,PHI,-1.5,105.0,-125.0
2026-09-13,9,BAL,JAX,4.5,-205.0,170.0
2026-09-13,9,ATL,CIN,-5.5,190.0,-230.0
2026-09-13,9,IND,DAL,-1.5,105.0,-125.0
2026-09-13,9,KC,NYJ,9.5,-440.0,340.0
2026-09-13,9,MIA,DET,-6.5,225.0,-278.0
2026-09-13,9,NO,CLE,3.5,-198.0,164.0
2026-09-13,9,CAR,DEN,-3.0,136.0,-162.0
2026-09-13,9,PHI,NYG,5.5,-238.0,195.0
2026-09-13,2,ARI,SEA,-5.5,210.0,-258.0
2026-09-13,2,LA,NYG,7.5,-375.0,295.0
